filename,domain_tag,sha256,url
00001_gardenia_31fe41b6a007.jpg,gardenia,31fe41b6a007c3ca4698e982ea279a9af984f9ed3d4d2e468492585b1d9ff8fe,https://www.gardenia.net/wp-content/uploads/2023/05/VVuDGJ8voBCIeqa7FgTwx0OG6wiPAd2CSwE9PFVi-300x300.webp
00002_gardenia_5d0e2e640d76.jpg,gardenia,5d0e2e640d76a8c57067aea615d289bff36a63d95a7b1307013211bb9d80e46a,https://www.gardenia.net/wp-content/uploads/2023/05/phaseolus-vulgaris-pinto-beans-780x520.webp
00003_gardenia_43b195d3b288.jpg,gardenia,43b195d3b2889c582cab6ab7c3c3d3d2d8b11dbba2e07944afe285b5d97f07be,https://www.gardenia.net/wp-content/uploads/2023/05/phaseolus-vulgaris-navy-beans-300x300.webp
00004_healthbenefi_5100eafaefff.jpg,healthbenefi,5100eafaefff49f474badea5c66f60338dd871b80e783e1028ed6dda021da900,https://www.healthbenefitstimes.com/9/gallery/pinto-beans/Seeds-of-Pinto-beans.jpg
00005_seedsgallery_7037d5037931.jpg,seedsgallery,7037d5037931e4aa028bd62e4c198c510d18e580b43fa33b74d1d0e441b4eacf,https://www.seeds-gallery.shop/1615-large_default/pinto-bean-seeds-phaseolus-vulgaris.jpg
00006_healthbenefi_2c3c41c9f3ce.jpg,healthbenefi,2c3c41c9f3cea090fd1e86e383d5aa2aabd0d576621f4f723c3ad1b0d5a702bb,https://www.healthbenefitstimes.com/9/gallery/pinto-beans/Close-up-flower-of-Pinto-beans.jpg
00007_portmoni_af413de7e048.jpg,portmoni,af413de7e048bbed0e234caa52af1f31d129ed6b68957117a5ffbbdd6cf2a632,https://media.portmoni.com/resized/101264/20250111_164522_o8Ka7Sy-thumbnail-600x600-95.jpg
00008_healthbenefi_f83cae83e916.jpg,healthbenefi,f83cae83e91698ed7b2fada0a3f19026f35aca42bf47f82a514819d5b73a47e8,https://www.healthbenefitstimes.com/9/gallery/pinto-beans/Green-pods-of-Pinto-beans.jpg
00009_healthbenefi_db9a91927af9.jpg,healthbenefi,db9a91927af949b090165288ef3acc8b69410efd901382421c17338242cb8c40,https://www.healthbenefitstimes.com/9/gallery/pinto-beans/Flower-bud-of-Pinto-beans.jpg
00010_amazonaws_bd40825c1572.jpg,amazonaws,bd40825c1572e6eb65026d98740229033fdd18de84df0edae1234c0148d256a7,https://newfs.s3.amazonaws.com/taxon-images-1000s1000/Fabaceae/phaseolus-vulgaris-fr-sbauer.jpg
00011_healthbenefi_7b978b25472b.jpg,healthbenefi,7b978b25472b9e33b24c3bfc4d0c670aa180cdea204df1e2e146bdba296f28ca,https://www.healthbenefitstimes.com/9/gallery/pinto-beans/Plant-illustration-of-Pinto-benas.jpg
00012_healthbenefi_f507a80a246a.jpg,healthbenefi,f507a80a246a7023169b28cb3006c832d7c617a3148dbc37dfcbd8d625e89d02,https://www.healthbenefitstimes.com/9/gallery/pinto-beans/Pods-of-Pinto-beans.jpg
00013_healthbenefi_3cccaa614d13.jpg,healthbenefi,3cccaa614d13d8af5b54bb9d006beffa30ff2c75ac9034c4be36835215d3bb5d,https://www.healthbenefitstimes.com/9/uploads/2015/09/Pinto-beans-Phaseolus-vulgaris.jpg
00014_seedsgallery_97bb625fb577.jpg,seedsgallery,97bb625fb577638d705042bc304348df030afd91f1dfdb89c4650483dfc4a359,https://www.seeds-gallery.com/7225-large_default/pinto-bean-seeds-phaseolus-vulgaris.jpg
00015_healthbenefi_411836a37df3.jpg,healthbenefi,411836a37df3c5c5d7041a942d473af1dd2f57e13ceada2b7311b9450be477e0,https://www.healthbenefitstimes.com/9/gallery/pinto-beans/Leaves-of-Pinto-beans.jpg
00016_feedipedia_2fd8d3372e51.jpg,feedipedia,2fd8d3372e51e95623003354821fa5f5a6f62283dab0faa895baef4695ebf1de,https://www.feedipedia.org/sites/default/files/images/phaseolus_vulg_seeds_butko.jpg
00017_medicinalher_231d2963e0fd.jpg,medicinalher,231d2963e0fdb9e4f2e810bd64535df3f65be5659cda5c739b9c8f9d2d70b9b5,http://medicinalherbinfo.org/000Herbs2016/wp-content/uploads/2017/03/Common_Bean.jpg
00018_com_255021e3e078.jpg,com,255021e3e078647029d442affbf0f0561ceeb496151b4719c9a86ae3300376e9,https://www.gardensonline.com.au/Uploads/Plant/2002/Phaseolus-Vulgaris-4a.jpg
00019_feedipedia_108c64d8c954.jpg,feedipedia,108c64d8c954012b1bc3ab7a5f38d679ee2bf6f818bb2ad238ecba1a64d6a6bb,https://www.feedipedia.org/sites/default/files/images/phaseolus_vulgaris_b.jpg
00020_seedsgallery_e4bd8ade6a68.jpg,seedsgallery,e4bd8ade6a68eeea9a27bd9babcc0adef307902aa61d4a0340af14decd79f893,https://www.seeds-gallery.shop/7224-large_default/pinto-bean-seeds-phaseolus-vulgaris.jpg
00021_slideserve_57fbe0cbf9c5.jpg,slideserve,57fbe0cbf9c525418dd649915e8e8f5425dc537966f5ad55bcbc0c9f849cec0a,https://image1.slideserve.com/2581400/growth-respond-of-pinto-bean-phaseolus-vulgaris-to-differing-ph-in-soils-n.jpg
00022_gardenia_5d0e2e640d76.jpg,gardenia,5d0e2e640d76a8c57067aea615d289bff36a63d95a7b1307013211bb9d80e46a,https://www.gardenia.net/wp-content/uploads/2023/05/phaseolus-vulgaris-pinto-beans-780x520.webp
00023_gardenia_31fe41b6a007.jpg,gardenia,31fe41b6a007c3ca4698e982ea279a9af984f9ed3d4d2e468492585b1d9ff8fe,https://www.gardenia.net/wp-content/uploads/2023/05/VVuDGJ8voBCIeqa7FgTwx0OG6wiPAd2CSwE9PFVi-300x300.webp
00024_gardenia_43b195d3b288.jpg,gardenia,43b195d3b2889c582cab6ab7c3c3d3d2d8b11dbba2e07944afe285b5d97f07be,https://www.gardenia.net/wp-content/uploads/2023/05/phaseolus-vulgaris-navy-beans-300x300.webp
00025_healthbenefi_db9a91927af9.jpg,healthbenefi,db9a91927af949b090165288ef3acc8b69410efd901382421c17338242cb8c40,https://www.healthbenefitstimes.com/9/gallery/pinto-beans/Flower-bud-of-Pinto-beans.jpg
00026_portmoni_af413de7e048.jpg,portmoni,af413de7e048bbed0e234caa52af1f31d129ed6b68957117a5ffbbdd6cf2a632,https://media.portmoni.com/resized/101264/20250111_164522_o8Ka7Sy-thumbnail-600x600-95.jpg
00027_healthbenefi_5100eafaefff.jpg,healthbenefi,5100eafaefff49f474badea5c66f60338dd871b80e783e1028ed6dda021da900,https://www.healthbenefitstimes.com/9/gallery/pinto-beans/Seeds-of-Pinto-beans.jpg
00028_seedsgallery_7037d5037931.jpg,seedsgallery,7037d5037931e4aa028bd62e4c198c510d18e580b43fa33b74d1d0e441b4eacf,https://www.seeds-gallery.shop/1615-large_default/pinto-bean-seeds-phaseolus-vulgaris.jpg
00029_healthbenefi_f507a80a246a.jpg,healthbenefi,f507a80a246a7023169b28cb3006c832d7c617a3148dbc37dfcbd8d625e89d02,https://www.healthbenefitstimes.com/9/gallery/pinto-beans/Pods-of-Pinto-beans.jpg
00030_seedsgallery_e4bd8ade6a68.jpg,seedsgallery,e4bd8ade6a68eeea9a27bd9babcc0adef307902aa61d4a0340af14decd79f893,https://www.seeds-gallery.shop/7224-large_default/pinto-bean-seeds-phaseolus-vulgaris.jpg
00031_healthbenefi_2c3c41c9f3ce.jpg,healthbenefi,2c3c41c9f3cea090fd1e86e383d5aa2aabd0d576621f4f723c3ad1b0d5a702bb,https://www.healthbenefitstimes.com/9/gallery/pinto-beans/Close-up-flower-of-Pinto-beans.jpg
00032_healthbenefi_7b978b25472b.jpg,healthbenefi,7b978b25472b9e33b24c3bfc4d0c670aa180cdea204df1e2e146bdba296f28ca,https://www.healthbenefitstimes.com/9/gallery/pinto-beans/Plant-illustration-of-Pinto-benas.jpg
00033_healthbenefi_3cccaa614d13.jpg,healthbenefi,3cccaa614d13d8af5b54bb9d006beffa30ff2c75ac9034c4be36835215d3bb5d,https://www.healthbenefitstimes.com/9/uploads/2015/09/Pinto-beans-Phaseolus-vulgaris.jpg
00034_healthbenefi_f83cae83e916.jpg,healthbenefi,f83cae83e91698ed7b2fada0a3f19026f35aca42bf47f82a514819d5b73a47e8,https://www.healthbenefitstimes.com/9/gallery/pinto-beans/Green-pods-of-Pinto-beans.jpg
00035_amazonaws_bd40825c1572.jpg,amazonaws,bd40825c1572e6eb65026d98740229033fdd18de84df0edae1234c0148d256a7,https://newfs.s3.amazonaws.com/taxon-images-1000s1000/Fabaceae/phaseolus-vulgaris-fr-sbauer.jpg
00036_feedipedia_2fd8d3372e51.jpg,feedipedia,2fd8d3372e51e95623003354821fa5f5a6f62283dab0faa895baef4695ebf1de,https://www.feedipedia.org/sites/default/files/images/phaseolus_vulg_seeds_butko.jpg
00037_healthbenefi_411836a37df3.jpg,healthbenefi,411836a37df3c5c5d7041a942d473af1dd2f57e13ceada2b7311b9450be477e0,https://www.healthbenefitstimes.com/9/gallery/pinto-beans/Leaves-of-Pinto-beans.jpg
00038_seedsgallery_97bb625fb577.jpg,seedsgallery,97bb625fb577638d705042bc304348df030afd91f1dfdb89c4650483dfc4a359,https://www.seeds-gallery.com/7225-large_default/pinto-bean-seeds-phaseolus-vulgaris.jpg
00039_medicinalher_231d2963e0fd.jpg,medicinalher,231d2963e0fdb9e4f2e810bd64535df3f65be5659cda5c739b9c8f9d2d70b9b5,http://medicinalherbinfo.org/000Herbs2016/wp-content/uploads/2017/03/Common_Bean.jpg
00040_com_255021e3e078.jpg,com,255021e3e078647029d442affbf0f0561ceeb496151b4719c9a86ae3300376e9,https://www.gardensonline.com.au/Uploads/Plant/2002/Phaseolus-Vulgaris-4a.jpg
00041_slideserve_57fbe0cbf9c5.jpg,slideserve,57fbe0cbf9c525418dd649915e8e8f5425dc537966f5ad55bcbc0c9f849cec0a,https://image1.slideserve.com/2581400/growth-respond-of-pinto-bean-phaseolus-vulgaris-to-differing-ph-in-soils-n.jpg
00042_gardenia_5d0e2e640d76.jpg,gardenia,5d0e2e640d76a8c57067aea615d289bff36a63d95a7b1307013211bb9d80e46a,https://www.gardenia.net/wp-content/uploads/2023/05/phaseolus-vulgaris-pinto-beans-780x520.webp
00043_gardenia_31fe41b6a007.jpg,gardenia,31fe41b6a007c3ca4698e982ea279a9af984f9ed3d4d2e468492585b1d9ff8fe,https://www.gardenia.net/wp-content/uploads/2023/05/VVuDGJ8voBCIeqa7FgTwx0OG6wiPAd2CSwE9PFVi-300x300.webp
00044_gardenia_43b195d3b288.jpg,gardenia,43b195d3b2889c582cab6ab7c3c3d3d2d8b11dbba2e07944afe285b5d97f07be,https://www.gardenia.net/wp-content/uploads/2023/05/phaseolus-vulgaris-navy-beans-300x300.webp
00045_portmoni_af413de7e048.jpg,portmoni,af413de7e048bbed0e234caa52af1f31d129ed6b68957117a5ffbbdd6cf2a632,https://media.portmoni.com/resized/101264/20250111_164522_o8Ka7Sy-thumbnail-600x600-95.jpg
00046_healthbenefi_5100eafaefff.jpg,healthbenefi,5100eafaefff49f474badea5c66f60338dd871b80e783e1028ed6dda021da900,https://www.healthbenefitstimes.com/9/gallery/pinto-beans/Seeds-of-Pinto-beans.jpg
00047_healthbenefi_db9a91927af9.jpg,healthbenefi,db9a91927af949b090165288ef3acc8b69410efd901382421c17338242cb8c40,https://www.healthbenefitstimes.com/9/gallery/pinto-beans/Flower-bud-of-Pinto-beans.jpg
00048_healthbenefi_3cccaa614d13.jpg,healthbenefi,3cccaa614d13d8af5b54bb9d006beffa30ff2c75ac9034c4be36835215d3bb5d,https://www.healthbenefitstimes.com/9/uploads/2015/09/Pinto-beans-Phaseolus-vulgaris.jpg
00049_seedsgallery_e4bd8ade6a68.jpg,seedsgallery,e4bd8ade6a68eeea9a27bd9babcc0adef307902aa61d4a0340af14decd79f893,https://www.seeds-gallery.shop/7224-large_default/pinto-bean-seeds-phaseolus-vulgaris.jpg
00050_healthbenefi_7b978b25472b.jpg,healthbenefi,7b978b25472b9e33b24c3bfc4d0c670aa180cdea204df1e2e146bdba296f28ca,https://www.healthbenefitstimes.com/9/gallery/pinto-beans/Plant-illustration-of-Pinto-benas.jpg
00051_healthbenefi_f507a80a246a.jpg,healthbenefi,f507a80a246a7023169b28cb3006c832d7c617a3148dbc37dfcbd8d625e89d02,https://www.healthbenefitstimes.com/9/gallery/pinto-beans/Pods-of-Pinto-beans.jpg
00052_healthbenefi_2c3c41c9f3ce.jpg,healthbenefi,2c3c41c9f3cea090fd1e86e383d5aa2aabd0d576621f4f723c3ad1b0d5a702bb,https://www.healthbenefitstimes.com/9/gallery/pinto-beans/Close-up-flower-of-Pinto-beans.jpg
00053_healthbenefi_411836a37df3.jpg,healthbenefi,411836a37df3c5c5d7041a942d473af1dd2f57e13ceada2b7311b9450be477e0,https://www.healthbenefitstimes.com/9/gallery/pinto-beans/Leaves-of-Pinto-beans.jpg
00054_amazonaws_bd40825c1572.jpg,amazonaws,bd40825c1572e6eb65026d98740229033fdd18de84df0edae1234c0148d256a7,https://newfs.s3.amazonaws.com/taxon-images-1000s1000/Fabaceae/phaseolus-vulgaris-fr-sbauer.jpg
00055_healthbenefi_f83cae83e916.jpg,healthbenefi,f83cae83e91698ed7b2fada0a3f19026f35aca42bf47f82a514819d5b73a47e8,https://www.healthbenefitstimes.com/9/gallery/pinto-beans/Green-pods-of-Pinto-beans.jpg
00056_feedipedia_2fd8d3372e51.jpg,feedipedia,2fd8d3372e51e95623003354821fa5f5a6f62283dab0faa895baef4695ebf1de,https://www.feedipedia.org/sites/default/files/images/phaseolus_vulg_seeds_butko.jpg
00057_medicinalher_231d2963e0fd.jpg,medicinalher,231d2963e0fdb9e4f2e810bd64535df3f65be5659cda5c739b9c8f9d2d70b9b5,http://medicinalherbinfo.org/000Herbs2016/wp-content/uploads/2017/03/Common_Bean.jpg
00058_seedsgallery_7037d5037931.jpg,seedsgallery,7037d5037931e4aa028bd62e4c198c510d18e580b43fa33b74d1d0e441b4eacf,https://www.seeds-gallery.shop/1615-large_default/pinto-bean-seeds-phaseolus-vulgaris.jpg
00059_seedsgallery_97bb625fb577.jpg,seedsgallery,97bb625fb577638d705042bc304348df030afd91f1dfdb89c4650483dfc4a359,https://www.seeds-gallery.com/7225-large_default/pinto-bean-seeds-phaseolus-vulgaris.jpg
00060_slideserve_57fbe0cbf9c5.jpg,slideserve,57fbe0cbf9c525418dd649915e8e8f5425dc537966f5ad55bcbc0c9f849cec0a,https://image1.slideserve.com/2581400/growth-respond-of-pinto-bean-phaseolus-vulgaris-to-differing-ph-in-soils-n.jpg
00061_gardenia_5d0e2e640d76.jpg,gardenia,5d0e2e640d76a8c57067aea615d289bff36a63d95a7b1307013211bb9d80e46a,https://www.gardenia.net/wp-content/uploads/2023/05/phaseolus-vulgaris-pinto-beans-780x520.webp
00062_gardenia_31fe41b6a007.jpg,gardenia,31fe41b6a007c3ca4698e982ea279a9af984f9ed3d4d2e468492585b1d9ff8fe,https://www.gardenia.net/wp-content/uploads/2023/05/VVuDGJ8voBCIeqa7FgTwx0OG6wiPAd2CSwE9PFVi-300x300.webp
00063_gardenia_43b195d3b288.jpg,gardenia,43b195d3b2889c582cab6ab7c3c3d3d2d8b11dbba2e07944afe285b5d97f07be,https://www.gardenia.net/wp-content/uploads/2023/05/phaseolus-vulgaris-navy-beans-300x300.webp
00064_healthbenefi_5100eafaefff.jpg,healthbenefi,5100eafaefff49f474badea5c66f60338dd871b80e783e1028ed6dda021da900,https://www.healthbenefitstimes.com/9/gallery/pinto-beans/Seeds-of-Pinto-beans.jpg
00065_portmoni_af413de7e048.jpg,portmoni,af413de7e048bbed0e234caa52af1f31d129ed6b68957117a5ffbbdd6cf2a632,https://media.portmoni.com/resized/101264/20250111_164522_o8Ka7Sy-thumbnail-600x600-95.jpg
00066_healthbenefi_db9a91927af9.jpg,healthbenefi,db9a91927af949b090165288ef3acc8b69410efd901382421c17338242cb8c40,https://www.healthbenefitstimes.com/9/gallery/pinto-beans/Flower-bud-of-Pinto-beans.jpg
00067_healthbenefi_3cccaa614d13.jpg,healthbenefi,3cccaa614d13d8af5b54bb9d006beffa30ff2c75ac9034c4be36835215d3bb5d,https://www.healthbenefitstimes.com/9/uploads/2015/09/Pinto-beans-Phaseolus-vulgaris.jpg
00068_seedsgallery_7037d5037931.jpg,seedsgallery,7037d5037931e4aa028bd62e4c198c510d18e580b43fa33b74d1d0e441b4eacf,https://www.seeds-gallery.shop/1615-large_default/pinto-bean-seeds-phaseolus-vulgaris.jpg
00069_amazonaws_bd40825c1572.jpg,amazonaws,bd40825c1572e6eb65026d98740229033fdd18de84df0edae1234c0148d256a7,https://newfs.s3.amazonaws.com/taxon-images-1000s1000/Fabaceae/phaseolus-vulgaris-fr-sbauer.jpg
00070_healthbenefi_7b978b25472b.jpg,healthbenefi,7b978b25472b9e33b24c3bfc4d0c670aa180cdea204df1e2e146bdba296f28ca,https://www.healthbenefitstimes.com/9/gallery/pinto-beans/Plant-illustration-of-Pinto-benas.jpg
00071_gardenia_c3d695b5a4e3.jpg,gardenia,c3d695b5a4e332494b11100a71063f15036a23e39267dd587caa7527541d9433,https://www.gardenia.net/wp-content/uploads/2023/05/pisum-sativum-300x300.webp
00072_healthbenefi_2c3c41c9f3ce.jpg,healthbenefi,2c3c41c9f3cea090fd1e86e383d5aa2aabd0d576621f4f723c3ad1b0d5a702bb,https://www.healthbenefitstimes.com/9/gallery/pinto-beans/Close-up-flower-of-Pinto-beans.jpg
00073_seedsgallery_e4bd8ade6a68.jpg,seedsgallery,e4bd8ade6a68eeea9a27bd9babcc0adef307902aa61d4a0340af14decd79f893,https://www.seeds-gallery.shop/7224-large_default/pinto-bean-seeds-phaseolus-vulgaris.jpg
00074_healthbenefi_f507a80a246a.jpg,healthbenefi,f507a80a246a7023169b28cb3006c832d7c617a3148dbc37dfcbd8d625e89d02,https://www.healthbenefitstimes.com/9/gallery/pinto-beans/Pods-of-Pinto-beans.jpg
00075_medicinalher_231d2963e0fd.jpg,medicinalher,231d2963e0fdb9e4f2e810bd64535df3f65be5659cda5c739b9c8f9d2d70b9b5,http://medicinalherbinfo.org/000Herbs2016/wp-content/uploads/2017/03/Common_Bean.jpg
00076_feedipedia_2fd8d3372e51.jpg,feedipedia,2fd8d3372e51e95623003354821fa5f5a6f62283dab0faa895baef4695ebf1de,https://www.feedipedia.org/sites/default/files/images/phaseolus_vulg_seeds_butko.jpg
00077_seedsgallery_97bb625fb577.jpg,seedsgallery,97bb625fb577638d705042bc304348df030afd91f1dfdb89c4650483dfc4a359,https://www.seeds-gallery.com/7225-large_default/pinto-bean-seeds-phaseolus-vulgaris.jpg
00078_healthbenefi_411836a37df3.jpg,healthbenefi,411836a37df3c5c5d7041a942d473af1dd2f57e13ceada2b7311b9450be477e0,https://www.healthbenefitstimes.com/9/gallery/pinto-beans/Leaves-of-Pinto-beans.jpg
00079_healthbenefi_f83cae83e916.jpg,healthbenefi,f83cae83e91698ed7b2fada0a3f19026f35aca42bf47f82a514819d5b73a47e8,https://www.healthbenefitstimes.com/9/gallery/pinto-beans/Green-pods-of-Pinto-beans.jpg
00080_slideserve_57fbe0cbf9c5.jpg,slideserve,57fbe0cbf9c525418dd649915e8e8f5425dc537966f5ad55bcbc0c9f849cec0a,https://image1.slideserve.com/2581400/growth-respond-of-pinto-bean-phaseolus-vulgaris-to-differing-ph-in-soils-n.jpg
00081_gardenia_31fe41b6a007.jpg,gardenia,31fe41b6a007c3ca4698e982ea279a9af984f9ed3d4d2e468492585b1d9ff8fe,https://www.gardenia.net/wp-content/uploads/2023/05/VVuDGJ8voBCIeqa7FgTwx0OG6wiPAd2CSwE9PFVi-300x300.webp
00082_portmoni_af413de7e048.jpg,portmoni,af413de7e048bbed0e234caa52af1f31d129ed6b68957117a5ffbbdd6cf2a632,https://media.portmoni.com/resized/101264/20250111_164522_o8Ka7Sy-thumbnail-600x600-95.jpg
00083_gardenia_5d0e2e640d76.jpg,gardenia,5d0e2e640d76a8c57067aea615d289bff36a63d95a7b1307013211bb9d80e46a,https://www.gardenia.net/wp-content/uploads/2023/05/phaseolus-vulgaris-pinto-beans-780x520.webp
00084_healthbenefi_3cccaa614d13.jpg,healthbenefi,3cccaa614d13d8af5b54bb9d006beffa30ff2c75ac9034c4be36835215d3bb5d,https://www.healthbenefitstimes.com/9/uploads/2015/09/Pinto-beans-Phaseolus-vulgaris.jpg
00085_healthbenefi_2c3c41c9f3ce.jpg,healthbenefi,2c3c41c9f3cea090fd1e86e383d5aa2aabd0d576621f4f723c3ad1b0d5a702bb,https://www.healthbenefitstimes.com/9/gallery/pinto-beans/Close-up-flower-of-Pinto-beans.jpg
00086_healthbenefi_5100eafaefff.jpg,healthbenefi,5100eafaefff49f474badea5c66f60338dd871b80e783e1028ed6dda021da900,https://www.healthbenefitstimes.com/9/gallery/pinto-beans/Seeds-of-Pinto-beans.jpg
00087_healthbenefi_db9a91927af9.jpg,healthbenefi,db9a91927af949b090165288ef3acc8b69410efd901382421c17338242cb8c40,https://www.healthbenefitstimes.com/9/gallery/pinto-beans/Flower-bud-of-Pinto-beans.jpg
00088_gardenerspat_78707226d703.jpg,gardenerspat,78707226d7038aab2d6a3d2f674e02c40dacfbff191c2cc49ba954b8b2e50dd9,https://gardenerspath.com/wp-content/uploads/2022/04/How-to-Grow-Pinto-Beans-Feature.jpg
00089_healthbenefi_f83cae83e916.jpg,healthbenefi,f83cae83e91698ed7b2fada0a3f19026f35aca42bf47f82a514819d5b73a47e8,https://www.healthbenefitstimes.com/9/gallery/pinto-beans/Green-pods-of-Pinto-beans.jpg
00090_amazonaws_bd40825c1572.jpg,amazonaws,bd40825c1572e6eb65026d98740229033fdd18de84df0edae1234c0148d256a7,https://newfs.s3.amazonaws.com/taxon-images-1000s1000/Fabaceae/phaseolus-vulgaris-fr-sbauer.jpg
00091_healthbenefi_f507a80a246a.jpg,healthbenefi,f507a80a246a7023169b28cb3006c832d7c617a3148dbc37dfcbd8d625e89d02,https://www.healthbenefitstimes.com/9/gallery/pinto-beans/Pods-of-Pinto-beans.jpg
00092_seedsgallery_97bb625fb577.jpg,seedsgallery,97bb625fb577638d705042bc304348df030afd91f1dfdb89c4650483dfc4a359,https://www.seeds-gallery.com/7225-large_default/pinto-bean-seeds-phaseolus-vulgaris.jpg
00093_seedsgallery_e4bd8ade6a68.jpg,seedsgallery,e4bd8ade6a68eeea9a27bd9babcc0adef307902aa61d4a0340af14decd79f893,https://www.seeds-gallery.shop/7224-large_default/pinto-bean-seeds-phaseolus-vulgaris.jpg
00094_amazonaws_421b0dc9b557.jpg,amazonaws,421b0dc9b55782f54698f9d81bbdcda4a118b6a1f0be142d65b84744852bd1f0,https://s3.amazonaws.com/eit-planttoolbox-prod/media/images/Phaseolus_vulgaris_v_jnQZUSbn4FTI.jpeg
00095_gardenia_31fe41b6a007.jpg,gardenia,31fe41b6a007c3ca4698e982ea279a9af984f9ed3d4d2e468492585b1d9ff8fe,https://www.gardenia.net/wp-content/uploads/2023/05/VVuDGJ8voBCIeqa7FgTwx0OG6wiPAd2CSwE9PFVi-300x300.webp
00096_gardenia_43b195d3b288.jpg,gardenia,43b195d3b2889c582cab6ab7c3c3d3d2d8b11dbba2e07944afe285b5d97f07be,https://www.gardenia.net/wp-content/uploads/2023/05/phaseolus-vulgaris-navy-beans-300x300.webp
00097_gardenia_5d0e2e640d76.jpg,gardenia,5d0e2e640d76a8c57067aea615d289bff36a63d95a7b1307013211bb9d80e46a,https://www.gardenia.net/wp-content/uploads/2023/05/phaseolus-vulgaris-pinto-beans-780x520.webp
00098_portmoni_af413de7e048.jpg,portmoni,af413de7e048bbed0e234caa52af1f31d129ed6b68957117a5ffbbdd6cf2a632,https://media.portmoni.com/resized/101264/20250111_164522_o8Ka7Sy-thumbnail-600x600-95.jpg
00099_feedipedia_2fd8d3372e51.jpg,feedipedia,2fd8d3372e51e95623003354821fa5f5a6f62283dab0faa895baef4695ebf1de,https://www.feedipedia.org/sites/default/files/images/phaseolus_vulg_seeds_butko.jpg
00100_gardenia_c3d695b5a4e3.jpg,gardenia,c3d695b5a4e332494b11100a71063f15036a23e39267dd587caa7527541d9433,https://www.gardenia.net/wp-content/uploads/2023/05/pisum-sativum-300x300.webp
00101_healthbenefi_5100eafaefff.jpg,healthbenefi,5100eafaefff49f474badea5c66f60338dd871b80e783e1028ed6dda021da900,https://www.healthbenefitstimes.com/9/gallery/pinto-beans/Seeds-of-Pinto-beans.jpg
00102_healthbenefi_db9a91927af9.jpg,healthbenefi,db9a91927af949b090165288ef3acc8b69410efd901382421c17338242cb8c40,https://www.healthbenefitstimes.com/9/gallery/pinto-beans/Flower-bud-of-Pinto-beans.jpg
00103_healthbenefi_f83cae83e916.jpg,healthbenefi,f83cae83e91698ed7b2fada0a3f19026f35aca42bf47f82a514819d5b73a47e8,https://www.healthbenefitstimes.com/9/gallery/pinto-beans/Green-pods-of-Pinto-beans.jpg
00104_healthbenefi_3cccaa614d13.jpg,healthbenefi,3cccaa614d13d8af5b54bb9d006beffa30ff2c75ac9034c4be36835215d3bb5d,https://www.healthbenefitstimes.com/9/uploads/2015/09/Pinto-beans-Phaseolus-vulgaris.jpg
00105_amazonaws_bd40825c1572.jpg,amazonaws,bd40825c1572e6eb65026d98740229033fdd18de84df0edae1234c0148d256a7,https://newfs.s3.amazonaws.com/taxon-images-1000s1000/Fabaceae/phaseolus-vulgaris-fr-sbauer.jpg
00106_seedsgallery_7037d5037931.jpg,seedsgallery,7037d5037931e4aa028bd62e4c198c510d18e580b43fa33b74d1d0e441b4eacf,https://www.seeds-gallery.shop/1615-large_default/pinto-bean-seeds-phaseolus-vulgaris.jpg
00107_healthbenefi_2c3c41c9f3ce.jpg,healthbenefi,2c3c41c9f3cea090fd1e86e383d5aa2aabd0d576621f4f723c3ad1b0d5a702bb,https://www.healthbenefitstimes.com/9/gallery/pinto-beans/Close-up-flower-of-Pinto-beans.jpg
00108_seedsgallery_e4bd8ade6a68.jpg,seedsgallery,e4bd8ade6a68eeea9a27bd9babcc0adef307902aa61d4a0340af14decd79f893,https://www.seeds-gallery.shop/7224-large_default/pinto-bean-seeds-phaseolus-vulgaris.jpg
00109_seedsgallery_97bb625fb577.jpg,seedsgallery,97bb625fb577638d705042bc304348df030afd91f1dfdb89c4650483dfc4a359,https://www.seeds-gallery.com/7225-large_default/pinto-bean-seeds-phaseolus-vulgaris.jpg
00110_com_255021e3e078.jpg,com,255021e3e078647029d442affbf0f0561ceeb496151b4719c9a86ae3300376e9,https://www.gardensonline.com.au/Uploads/Plant/2002/Phaseolus-Vulgaris-4a.jpg
00111_slideserve_57fbe0cbf9c5.jpg,slideserve,57fbe0cbf9c525418dd649915e8e8f5425dc537966f5ad55bcbc0c9f849cec0a,https://image1.slideserve.com/2581400/growth-respond-of-pinto-bean-phaseolus-vulgaris-to-differing-ph-in-soils-n.jpg
00112_gardenia_5d0e2e640d76.jpg,gardenia,5d0e2e640d76a8c57067aea615d289bff36a63d95a7b1307013211bb9d80e46a,https://www.gardenia.net/wp-content/uploads/2023/05/phaseolus-vulgaris-pinto-beans-780x520.webp
00113_portmoni_af413de7e048.jpg,portmoni,af413de7e048bbed0e234caa52af1f31d129ed6b68957117a5ffbbdd6cf2a632,https://media.portmoni.com/resized/101264/20250111_164522_o8Ka7Sy-thumbnail-600x600-95.jpg
00114_gardenia_31fe41b6a007.jpg,gardenia,31fe41b6a007c3ca4698e982ea279a9af984f9ed3d4d2e468492585b1d9ff8fe,https://www.gardenia.net/wp-content/uploads/2023/05/VVuDGJ8voBCIeqa7FgTwx0OG6wiPAd2CSwE9PFVi-300x300.webp
00115_healthbenefi_3cccaa614d13.jpg,healthbenefi,3cccaa614d13d8af5b54bb9d006beffa30ff2c75ac9034c4be36835215d3bb5d,https://www.healthbenefitstimes.com/9/uploads/2015/09/Pinto-beans-Phaseolus-vulgaris.jpg
00116_feedipedia_108c64d8c954.jpg,feedipedia,108c64d8c954012b1bc3ab7a5f38d679ee2bf6f818bb2ad238ecba1a64d6a6bb,https://www.feedipedia.org/sites/default/files/images/phaseolus_vulgaris_b.jpg
00117_healthbenefi_db9a91927af9.jpg,healthbenefi,db9a91927af949b090165288ef3acc8b69410efd901382421c17338242cb8c40,https://www.healthbenefitstimes.com/9/gallery/pinto-beans/Flower-bud-of-Pinto-beans.jpg
00118_seedsgallery_e4bd8ade6a68.jpg,seedsgallery,e4bd8ade6a68eeea9a27bd9babcc0adef307902aa61d4a0340af14decd79f893,https://www.seeds-gallery.shop/7224-large_default/pinto-bean-seeds-phaseolus-vulgaris.jpg
00119_com_255021e3e078.jpg,com,255021e3e078647029d442affbf0f0561ceeb496151b4719c9a86ae3300376e9,https://www.gardensonline.com.au/Uploads/Plant/2002/Phaseolus-Vulgaris-4a.jpg
00120_healthbenefi_f83cae83e916.jpg,healthbenefi,f83cae83e91698ed7b2fada0a3f19026f35aca42bf47f82a514819d5b73a47e8,https://www.healthbenefitstimes.com/9/gallery/pinto-beans/Green-pods-of-Pinto-beans.jpg
00121_healthbenefi_2c3c41c9f3ce.jpg,healthbenefi,2c3c41c9f3cea090fd1e86e383d5aa2aabd0d576621f4f723c3ad1b0d5a702bb,https://www.healthbenefitstimes.com/9/gallery/pinto-beans/Close-up-flower-of-Pinto-beans.jpg
00122_healthbenefi_5100eafaefff.jpg,healthbenefi,5100eafaefff49f474badea5c66f60338dd871b80e783e1028ed6dda021da900,https://www.healthbenefitstimes.com/9/gallery/pinto-beans/Seeds-of-Pinto-beans.jpg
00123_seedsgallery_97bb625fb577.jpg,seedsgallery,97bb625fb577638d705042bc304348df030afd91f1dfdb89c4650483dfc4a359,https://www.seeds-gallery.com/7225-large_default/pinto-bean-seeds-phaseolus-vulgaris.jpg
00124_seedsgallery_7037d5037931.jpg,seedsgallery,7037d5037931e4aa028bd62e4c198c510d18e580b43fa33b74d1d0e441b4eacf,https://www.seeds-gallery.shop/1615-large_default/pinto-bean-seeds-phaseolus-vulgaris.jpg
00125_amazonaws_bd40825c1572.jpg,amazonaws,bd40825c1572e6eb65026d98740229033fdd18de84df0edae1234c0148d256a7,https://newfs.s3.amazonaws.com/taxon-images-1000s1000/Fabaceae/phaseolus-vulgaris-fr-sbauer.jpg
00126_gardenia_31fe41b6a007.jpg,gardenia,31fe41b6a007c3ca4698e982ea279a9af984f9ed3d4d2e468492585b1d9ff8fe,https://www.gardenia.net/wp-content/uploads/2023/05/VVuDGJ8voBCIeqa7FgTwx0OG6wiPAd2CSwE9PFVi-300x300.webp
00127_gardenia_43b195d3b288.jpg,gardenia,43b195d3b2889c582cab6ab7c3c3d3d2d8b11dbba2e07944afe285b5d97f07be,https://www.gardenia.net/wp-content/uploads/2023/05/phaseolus-vulgaris-navy-beans-300x300.webp
00128_portmoni_af413de7e048.jpg,portmoni,af413de7e048bbed0e234caa52af1f31d129ed6b68957117a5ffbbdd6cf2a632,https://media.portmoni.com/resized/101264/20250111_164522_o8Ka7Sy-thumbnail-600x600-95.jpg
00129_gardenia_5d0e2e640d76.jpg,gardenia,5d0e2e640d76a8c57067aea615d289bff36a63d95a7b1307013211bb9d80e46a,https://www.gardenia.net/wp-content/uploads/2023/05/phaseolus-vulgaris-pinto-beans-780x520.webp
00130_gardenia_c3d695b5a4e3.jpg,gardenia,c3d695b5a4e332494b11100a71063f15036a23e39267dd587caa7527541d9433,https://www.gardenia.net/wp-content/uploads/2023/05/pisum-sativum-300x300.webp
00131_gardenia_d6bcbaea6eeb.jpg,gardenia,d6bcbaea6eebec4fcfaa9603e531dee2b195a3859093048f57ffe28c5cc4c404,https://www.gardenia.net/wp-content/uploads/2023/05/phaesolus-vulgaris-green-beans-780x520.webp
00132_com_255021e3e078.jpg,com,255021e3e078647029d442affbf0f0561ceeb496151b4719c9a86ae3300376e9,https://www.gardensonline.com.au/Uploads/Plant/2002/Phaseolus-Vulgaris-4a.jpg
00133_healthbenefi_3cccaa614d13.jpg,healthbenefi,3cccaa614d13d8af5b54bb9d006beffa30ff2c75ac9034c4be36835215d3bb5d,https://www.healthbenefitstimes.com/9/uploads/2015/09/Pinto-beans-Phaseolus-vulgaris.jpg
00134_seedsgallery_e4bd8ade6a68.jpg,seedsgallery,e4bd8ade6a68eeea9a27bd9babcc0adef307902aa61d4a0340af14decd79f893,https://www.seeds-gallery.shop/7224-large_default/pinto-bean-seeds-phaseolus-vulgaris.jpg
00135_healthbenefi_f83cae83e916.jpg,healthbenefi,f83cae83e91698ed7b2fada0a3f19026f35aca42bf47f82a514819d5b73a47e8,https://www.healthbenefitstimes.com/9/gallery/pinto-beans/Green-pods-of-Pinto-beans.jpg
00136_healthbenefi_db9a91927af9.jpg,healthbenefi,db9a91927af949b090165288ef3acc8b69410efd901382421c17338242cb8c40,https://www.healthbenefitstimes.com/9/gallery/pinto-beans/Flower-bud-of-Pinto-beans.jpg
00137_amazonaws_bd40825c1572.jpg,amazonaws,bd40825c1572e6eb65026d98740229033fdd18de84df0edae1234c0148d256a7,https://newfs.s3.amazonaws.com/taxon-images-1000s1000/Fabaceae/phaseolus-vulgaris-fr-sbauer.jpg
00138_feedipedia_108c64d8c954.jpg,feedipedia,108c64d8c954012b1bc3ab7a5f38d679ee2bf6f818bb2ad238ecba1a64d6a6bb,https://www.feedipedia.org/sites/default/files/images/phaseolus_vulgaris_b.jpg
00139_seedsgallery_97bb625fb577.jpg,seedsgallery,97bb625fb577638d705042bc304348df030afd91f1dfdb89c4650483dfc4a359,https://www.seeds-gallery.com/7225-large_default/pinto-bean-seeds-phaseolus-vulgaris.jpg
00140_healthbenefi_5100eafaefff.jpg,healthbenefi,5100eafaefff49f474badea5c66f60338dd871b80e783e1028ed6dda021da900,https://www.healthbenefitstimes.com/9/gallery/pinto-beans/Seeds-of-Pinto-beans.jpg
00141_gardenia_31fe41b6a007.jpg,gardenia,31fe41b6a007c3ca4698e982ea279a9af984f9ed3d4d2e468492585b1d9ff8fe,https://www.gardenia.net/wp-content/uploads/2023/05/VVuDGJ8voBCIeqa7FgTwx0OG6wiPAd2CSwE9PFVi-300x300.webp
00142_gardenia_5d0e2e640d76.jpg,gardenia,5d0e2e640d76a8c57067aea615d289bff36a63d95a7b1307013211bb9d80e46a,https://www.gardenia.net/wp-content/uploads/2023/05/phaseolus-vulgaris-pinto-beans-780x520.webp
00143_gardenia_43b195d3b288.jpg,gardenia,43b195d3b2889c582cab6ab7c3c3d3d2d8b11dbba2e07944afe285b5d97f07be,https://www.gardenia.net/wp-content/uploads/2023/05/phaseolus-vulgaris-navy-beans-300x300.webp
00144_portmoni_af413de7e048.jpg,portmoni,af413de7e048bbed0e234caa52af1f31d129ed6b68957117a5ffbbdd6cf2a632,https://media.portmoni.com/resized/101264/20250111_164522_o8Ka7Sy-thumbnail-600x600-95.jpg
00145_gardenia_d6bcbaea6eeb.jpg,gardenia,d6bcbaea6eebec4fcfaa9603e531dee2b195a3859093048f57ffe28c5cc4c404,https://www.gardenia.net/wp-content/uploads/2023/05/phaesolus-vulgaris-green-beans-780x520.webp
00146_com_255021e3e078.jpg,com,255021e3e078647029d442affbf0f0561ceeb496151b4719c9a86ae3300376e9,https://www.gardensonline.com.au/Uploads/Plant/2002/Phaseolus-Vulgaris-4a.jpg
00147_healthbenefi_f83cae83e916.jpg,healthbenefi,f83cae83e91698ed7b2fada0a3f19026f35aca42bf47f82a514819d5b73a47e8,https://www.healthbenefitstimes.com/9/gallery/pinto-beans/Green-pods-of-Pinto-beans.jpg
00148_healthbenefi_3cccaa614d13.jpg,healthbenefi,3cccaa614d13d8af5b54bb9d006beffa30ff2c75ac9034c4be36835215d3bb5d,https://www.healthbenefitstimes.com/9/uploads/2015/09/Pinto-beans-Phaseolus-vulgaris.jpg
00149_seedsgallery_e4bd8ade6a68.jpg,seedsgallery,e4bd8ade6a68eeea9a27bd9babcc0adef307902aa61d4a0340af14decd79f893,https://www.seeds-gallery.shop/7224-large_default/pinto-bean-seeds-phaseolus-vulgaris.jpg
00150_amazonaws_bd40825c1572.jpg,amazonaws,bd40825c1572e6eb65026d98740229033fdd18de84df0edae1234c0148d256a7,https://newfs.s3.amazonaws.com/taxon-images-1000s1000/Fabaceae/phaseolus-vulgaris-fr-sbauer.jpg
00151_seedsgallery_7037d5037931.jpg,seedsgallery,7037d5037931e4aa028bd62e4c198c510d18e580b43fa33b74d1d0e441b4eacf,https://www.seeds-gallery.shop/1615-large_default/pinto-bean-seeds-phaseolus-vulgaris.jpg
00152_feedipedia_108c64d8c954.jpg,feedipedia,108c64d8c954012b1bc3ab7a5f38d679ee2bf6f818bb2ad238ecba1a64d6a6bb,https://www.feedipedia.org/sites/default/files/images/phaseolus_vulgaris_b.jpg
00153_healthbenefi_2c3c41c9f3ce.jpg,healthbenefi,2c3c41c9f3cea090fd1e86e383d5aa2aabd0d576621f4f723c3ad1b0d5a702bb,https://www.healthbenefitstimes.com/9/gallery/pinto-beans/Close-up-flower-of-Pinto-beans.jpg
00154_gardenia_c3d695b5a4e3.jpg,gardenia,c3d695b5a4e332494b11100a71063f15036a23e39267dd587caa7527541d9433,https://www.gardenia.net/wp-content/uploads/2023/05/pisum-sativum-300x300.webp
00155_healthbenefi_f507a80a246a.jpg,healthbenefi,f507a80a246a7023169b28cb3006c832d7c617a3148dbc37dfcbd8d625e89d02,https://www.healthbenefitstimes.com/9/gallery/pinto-beans/Pods-of-Pinto-beans.jpg
00156_seedsgallery_97bb625fb577.jpg,seedsgallery,97bb625fb577638d705042bc304348df030afd91f1dfdb89c4650483dfc4a359,https://www.seeds-gallery.com/7225-large_default/pinto-bean-seeds-phaseolus-vulgaris.jpg
00157_healthbenefi_411836a37df3.jpg,healthbenefi,411836a37df3c5c5d7041a942d473af1dd2f57e13ceada2b7311b9450be477e0,https://www.healthbenefitstimes.com/9/gallery/pinto-beans/Leaves-of-Pinto-beans.jpg
00158_healthbenefi_5100eafaefff.jpg,healthbenefi,5100eafaefff49f474badea5c66f60338dd871b80e783e1028ed6dda021da900,https://www.healthbenefitstimes.com/9/gallery/pinto-beans/Seeds-of-Pinto-beans.jpg
00159_feedipedia_2fd8d3372e51.jpg,feedipedia,2fd8d3372e51e95623003354821fa5f5a6f62283dab0faa895baef4695ebf1de,https://www.feedipedia.org/sites/default/files/images/phaseolus_vulg_seeds_butko.jpg
00160_healthbenefi_db9a91927af9.jpg,healthbenefi,db9a91927af949b090165288ef3acc8b69410efd901382421c17338242cb8c40,https://www.healthbenefitstimes.com/9/gallery/pinto-beans/Flower-bud-of-Pinto-beans.jpg
00161_amazonaws_421b0dc9b557.jpg,amazonaws,421b0dc9b55782f54698f9d81bbdcda4a118b6a1f0be142d65b84744852bd1f0,https://s3.amazonaws.com/eit-planttoolbox-prod/media/images/Phaseolus_vulgaris_v_jnQZUSbn4FTI.jpeg
00162_slideserve_57fbe0cbf9c5.jpg,slideserve,57fbe0cbf9c525418dd649915e8e8f5425dc537966f5ad55bcbc0c9f849cec0a,https://image1.slideserve.com/2581400/growth-respond-of-pinto-bean-phaseolus-vulgaris-to-differing-ph-in-soils-n.jpg
00163_gardenia_31fe41b6a007.jpg,gardenia,31fe41b6a007c3ca4698e982ea279a9af984f9ed3d4d2e468492585b1d9ff8fe,https://www.gardenia.net/wp-content/uploads/2023/05/VVuDGJ8voBCIeqa7FgTwx0OG6wiPAd2CSwE9PFVi-300x300.webp
00164_gardenia_5d0e2e640d76.jpg,gardenia,5d0e2e640d76a8c57067aea615d289bff36a63d95a7b1307013211bb9d80e46a,https://www.gardenia.net/wp-content/uploads/2023/05/phaseolus-vulgaris-pinto-beans-780x520.webp
00165_healthbenefi_ba9ee6999414.jpg,healthbenefi,ba9ee6999414dd41efc31aee981843db3d5240e96424b49d3821f4b4ff847b8b,https://www.healthbenefitstimes.com/9/gallery/pinto-beans/Seedlings-of-Pinto-beans.jpg
00166_healthbenefi_db9a91927af9.jpg,healthbenefi,db9a91927af949b090165288ef3acc8b69410efd901382421c17338242cb8c40,https://www.healthbenefitstimes.com/9/gallery/pinto-beans/Flower-bud-of-Pinto-beans.jpg
00167_feedipedia_108c64d8c954.jpg,feedipedia,108c64d8c954012b1bc3ab7a5f38d679ee2bf6f818bb2ad238ecba1a64d6a6bb,https://www.feedipedia.org/sites/default/files/images/phaseolus_vulgaris_b.jpg
00168_amazonaws_bd40825c1572.jpg,amazonaws,bd40825c1572e6eb65026d98740229033fdd18de84df0edae1234c0148d256a7,https://newfs.s3.amazonaws.com/taxon-images-1000s1000/Fabaceae/phaseolus-vulgaris-fr-sbauer.jpg
00169_com_255021e3e078.jpg,com,255021e3e078647029d442affbf0f0561ceeb496151b4719c9a86ae3300376e9,https://www.gardensonline.com.au/Uploads/Plant/2002/Phaseolus-Vulgaris-4a.jpg
00170_healthbenefi_f83cae83e916.jpg,healthbenefi,f83cae83e91698ed7b2fada0a3f19026f35aca42bf47f82a514819d5b73a47e8,https://www.healthbenefitstimes.com/9/gallery/pinto-beans/Green-pods-of-Pinto-beans.jpg
00171_healthbenefi_3cccaa614d13.jpg,healthbenefi,3cccaa614d13d8af5b54bb9d006beffa30ff2c75ac9034c4be36835215d3bb5d,https://www.healthbenefitstimes.com/9/uploads/2015/09/Pinto-beans-Phaseolus-vulgaris.jpg
00172_gardenia_43b195d3b288.jpg,gardenia,43b195d3b2889c582cab6ab7c3c3d3d2d8b11dbba2e07944afe285b5d97f07be,https://www.gardenia.net/wp-content/uploads/2023/05/phaseolus-vulgaris-navy-beans-300x300.webp
00173_healthbenefi_2c3c41c9f3ce.jpg,healthbenefi,2c3c41c9f3cea090fd1e86e383d5aa2aabd0d576621f4f723c3ad1b0d5a702bb,https://www.healthbenefitstimes.com/9/gallery/pinto-beans/Close-up-flower-of-Pinto-beans.jpg
00174_amazonaws_7d2a384ff290.jpg,amazonaws,7d2a384ff290d75d73ec8558f2aeb9e70a322c03012ae90f0a648ebcb54e2b24,https://newfs.s3.amazonaws.com/taxon-images-1000s1000/Fabaceae/phaseolus-vulgaris-le-bwalters.jpg
00175_portmoni_af413de7e048.jpg,portmoni,af413de7e048bbed0e234caa52af1f31d129ed6b68957117a5ffbbdd6cf2a632,https://media.portmoni.com/resized/101264/20250111_164522_o8Ka7Sy-thumbnail-600x600-95.jpg
00176_healthbenefi_411836a37df3.jpg,healthbenefi,411836a37df3c5c5d7041a942d473af1dd2f57e13ceada2b7311b9450be477e0,https://www.healthbenefitstimes.com/9/gallery/pinto-beans/Leaves-of-Pinto-beans.jpg
00177_healthbenefi_f507a80a246a.jpg,healthbenefi,f507a80a246a7023169b28cb3006c832d7c617a3148dbc37dfcbd8d625e89d02,https://www.healthbenefitstimes.com/9/gallery/pinto-beans/Pods-of-Pinto-beans.jpg
00178_healthbenefi_5100eafaefff.jpg,healthbenefi,5100eafaefff49f474badea5c66f60338dd871b80e783e1028ed6dda021da900,https://www.healthbenefitstimes.com/9/gallery/pinto-beans/Seeds-of-Pinto-beans.jpg
00179_feedipedia_2fd8d3372e51.jpg,feedipedia,2fd8d3372e51e95623003354821fa5f5a6f62283dab0faa895baef4695ebf1de,https://www.feedipedia.org/sites/default/files/images/phaseolus_vulg_seeds_butko.jpg
00180_gardenia_c3d695b5a4e3.jpg,gardenia,c3d695b5a4e332494b11100a71063f15036a23e39267dd587caa7527541d9433,https://www.gardenia.net/wp-content/uploads/2023/05/pisum-sativum-300x300.webp
00181_gardenia_d6bcbaea6eeb.jpg,gardenia,d6bcbaea6eebec4fcfaa9603e531dee2b195a3859093048f57ffe28c5cc4c404,https://www.gardenia.net/wp-content/uploads/2023/05/phaesolus-vulgaris-green-beans-780x520.webp
00182_healthbenefi_7b978b25472b.jpg,healthbenefi,7b978b25472b9e33b24c3bfc4d0c670aa180cdea204df1e2e146bdba296f28ca,https://www.healthbenefitstimes.com/9/gallery/pinto-beans/Plant-illustration-of-Pinto-benas.jpg
00183_healthbenefi_8addd175ecd6.jpg,healthbenefi,8addd175ecd6aae05a30ab06eb784573032c887c13a2c05a65e5c9aec4c90e34,https://www.healthbenefitstimes.com/9/gallery/pinto-beans/Farm-of-Pinto-beans.jpg
00184_gardenerspat_b1bd9a2f3ccf.jpg,gardenerspat,b1bd9a2f3ccf5daa210096e1415d9467d5aeb95574be4922513aaa217c496866,https://gardenerspath.com/wp-content/uploads/2022/04/How-to-Plant-and-Grow-Pinto-Beans-Pin-683x1024.jpg
00185_seedsgallery_e4bd8ade6a68.jpg,seedsgallery,e4bd8ade6a68eeea9a27bd9babcc0adef307902aa61d4a0340af14decd79f893,https://www.seeds-gallery.shop/7224-large_default/pinto-bean-seeds-phaseolus-vulgaris.jpg
00186_seedsgallery_97bb625fb577.jpg,seedsgallery,97bb625fb577638d705042bc304348df030afd91f1dfdb89c4650483dfc4a359,https://www.seeds-gallery.com/7225-large_default/pinto-bean-seeds-phaseolus-vulgaris.jpg
00187_amazonaws_421b0dc9b557.jpg,amazonaws,421b0dc9b55782f54698f9d81bbdcda4a118b6a1f0be142d65b84744852bd1f0,https://s3.amazonaws.com/eit-planttoolbox-prod/media/images/Phaseolus_vulgaris_v_jnQZUSbn4FTI.jpeg
00188_seedsgallery_7037d5037931.jpg,seedsgallery,7037d5037931e4aa028bd62e4c198c510d18e580b43fa33b74d1d0e441b4eacf,https://www.seeds-gallery.shop/1615-large_default/pinto-bean-seeds-phaseolus-vulgaris.jpg
00189_usercontent_db6479de910e.jpg,usercontent,db6479de910ee6116c4882b0d9cd66167d4dbd8ac9bf664ff7048dc13eb2c1c0,https://usercontent.one/wp/antropocene.it/wp-content/uploads/2018/10/Phaseolus-vulgaris-787x1024.jpg?media=1719063527
00190_slideserve_57fbe0cbf9c5.jpg,slideserve,57fbe0cbf9c525418dd649915e8e8f5425dc537966f5ad55bcbc0c9f849cec0a,https://image1.slideserve.com/2581400/growth-respond-of-pinto-bean-phaseolus-vulgaris-to-differing-ph-in-soils-n.jpg
00191_usercontent_2eb387758776.jpg,usercontent,2eb387758776191c176bd051cb150eff6a12f053550f7472ad62b03397f1ebe3,https://usercontent.one/wp/antropocene.it/wp-content/uploads/2018/10/Phaseolus_vulgaris.jpg?media=1672401632
00192_guiniridge_4fd89fd7557d.jpg,guiniridge,4fd89fd7557d8eab248c6a4139556b745d99d8f18cacd54ec9295360ad31238c,https://www.guiniridge.com/wp-content/uploads/2020/03/Phaseolus-vulgaris-Yellow-Bush-Bean-Carson.jpg
00193_wellnesswarr_93b1ef0ae45a.jpg,wellnesswarr,93b1ef0ae45a62619363effe8fbcc7d1049d9505712b3c7a0a53c719c2cf33a0,https://www.wellnesswarrior.org/wp-content/uploads/2021/08/pinto-beans.jpg
00194_healthbenefi_db9a91927af9.jpg,healthbenefi,db9a91927af949b090165288ef3acc8b69410efd901382421c17338242cb8c40,https://www.healthbenefitstimes.com/9/gallery/pinto-beans/Flower-bud-of-Pinto-beans.jpg
00195_amazonaws_99d73d9c3146.jpg,amazonaws,99d73d9c31463f74b954f58bab2bffecaed72142a45972c0f1528825d0ec5fc7,https://newfs.s3.amazonaws.com/taxon-images-239x239/Fabaceae/phaseolus-vulgaris-le-bwalters.jpg
00196_healthbenefi_411836a37df3.jpg,healthbenefi,411836a37df3c5c5d7041a942d473af1dd2f57e13ceada2b7311b9450be477e0,https://www.healthbenefitstimes.com/9/gallery/pinto-beans/Leaves-of-Pinto-beans.jpg
00197_com_255021e3e078.jpg,com,255021e3e078647029d442affbf0f0561ceeb496151b4719c9a86ae3300376e9,https://www.gardensonline.com.au/Uploads/Plant/2002/Phaseolus-Vulgaris-4a.jpg
00198_healthbenefi_f83cae83e916.jpg,healthbenefi,f83cae83e91698ed7b2fada0a3f19026f35aca42bf47f82a514819d5b73a47e8,https://www.healthbenefitstimes.com/9/gallery/pinto-beans/Green-pods-of-Pinto-beans.jpg
00199_healthbenefi_7b978b25472b.jpg,healthbenefi,7b978b25472b9e33b24c3bfc4d0c670aa180cdea204df1e2e146bdba296f28ca,https://www.healthbenefitstimes.com/9/gallery/pinto-beans/Plant-illustration-of-Pinto-benas.jpg
00200_amazonaws_14fcc7037be3.jpg,amazonaws,14fcc7037be32c8add80d132ced53f5f483dd1b0dad9ded9a9150802461d8b19,https://s3.amazonaws.com/eit-planttoolbox-prod/media/images/Phaseolus_vulgaris_N_H1YvbQU0JPOK.jpe
00201_amazonaws_b644ce9f75b1.jpg,amazonaws,b644ce9f75b1d285e475e445a51d1779f5b3f650ff48e052abe058b399dd48c9,https://s3.amazonaws.com/eit-planttoolbox-prod/media/images/Phaseolus_vulgaris_v_xnI5RDotcn79.jpeg
00202_amazonaws_2811ab281f0e.jpg,amazonaws,2811ab281f0e40e8c462fb8fc2c690cb7325151781c865da6168c61f6fc62916,https://s3.amazonaws.com/eit-planttoolbox-prod/media/images/Phaseolus_vulgaris_H_aWEowE5fO8T2.jpe
00203_amazonaws_7d2a384ff290.jpg,amazonaws,7d2a384ff290d75d73ec8558f2aeb9e70a322c03012ae90f0a648ebcb54e2b24,https://newfs.s3.amazonaws.com/taxon-images-1000s1000/Fabaceae/phaseolus-vulgaris-le-bwalters.jpg
00204_healthbenefi_f507a80a246a.jpg,healthbenefi,f507a80a246a7023169b28cb3006c832d7c617a3148dbc37dfcbd8d625e89d02,https://www.healthbenefitstimes.com/9/gallery/pinto-beans/Pods-of-Pinto-beans.jpg
00205_amazonaws_bd40825c1572.jpg,amazonaws,bd40825c1572e6eb65026d98740229033fdd18de84df0edae1234c0148d256a7,https://newfs.s3.amazonaws.com/taxon-images-1000s1000/Fabaceae/phaseolus-vulgaris-fr-sbauer.jpg
00206_healthbenefi_3cccaa614d13.jpg,healthbenefi,3cccaa614d13d8af5b54bb9d006beffa30ff2c75ac9034c4be36835215d3bb5d,https://www.healthbenefitstimes.com/9/uploads/2015/09/Pinto-beans-Phaseolus-vulgaris.jpg
00207_gardenia_5d0e2e640d76.jpg,gardenia,5d0e2e640d76a8c57067aea615d289bff36a63d95a7b1307013211bb9d80e46a,https://www.gardenia.net/wp-content/uploads/2023/05/phaseolus-vulgaris-pinto-beans-780x520.webp
00208_healthbenefi_5100eafaefff.jpg,healthbenefi,5100eafaefff49f474badea5c66f60338dd871b80e783e1028ed6dda021da900,https://www.healthbenefitstimes.com/9/gallery/pinto-beans/Seeds-of-Pinto-beans.jpg
00209_healthbenefi_2c3c41c9f3ce.jpg,healthbenefi,2c3c41c9f3cea090fd1e86e383d5aa2aabd0d576621f4f723c3ad1b0d5a702bb,https://www.healthbenefitstimes.com/9/gallery/pinto-beans/Close-up-flower-of-Pinto-beans.jpg
00210_healthbenefi_ba9ee6999414.jpg,healthbenefi,ba9ee6999414dd41efc31aee981843db3d5240e96424b49d3821f4b4ff847b8b,https://www.healthbenefitstimes.com/9/gallery/pinto-beans/Seedlings-of-Pinto-beans.jpg
00211_gardenia_31fe41b6a007.jpg,gardenia,31fe41b6a007c3ca4698e982ea279a9af984f9ed3d4d2e468492585b1d9ff8fe,https://www.gardenia.net/wp-content/uploads/2023/05/VVuDGJ8voBCIeqa7FgTwx0OG6wiPAd2CSwE9PFVi-300x300.webp
00212_feedipedia_108c64d8c954.jpg,feedipedia,108c64d8c954012b1bc3ab7a5f38d679ee2bf6f818bb2ad238ecba1a64d6a6bb,https://www.feedipedia.org/sites/default/files/images/phaseolus_vulgaris_b.jpg
00213_portmoni_af413de7e048.jpg,portmoni,af413de7e048bbed0e234caa52af1f31d129ed6b68957117a5ffbbdd6cf2a632,https://media.portmoni.com/resized/101264/20250111_164522_o8Ka7Sy-thumbnail-600x600-95.jpg
00214_gardenia_d6bcbaea6eeb.jpg,gardenia,d6bcbaea6eebec4fcfaa9603e531dee2b195a3859093048f57ffe28c5cc4c404,https://www.gardenia.net/wp-content/uploads/2023/05/phaesolus-vulgaris-green-beans-780x520.webp
00215_amazonaws_7c462c9eca53.jpg,amazonaws,7c462c9eca5312df1406fd059857f61f9e8605fee4aa77cf9e7debf348b76095,https://s3.amazonaws.com/eit-planttoolbox-prod/media/images/Phaseolus_vulgaris_E_s2N0BYrwsuuA.jpe
00216_plantsam_96524a2a0c77.jpg,plantsam,96524a2a0c773f2ab3c5bc6a03e7d4eedfe7987a62b36b8d92641b35ffda514a,https://plantsam.com/wp-content/uploads/2021/12/Phaseolus-vulgaris-2.jpg
00217_gardenia_c3d695b5a4e3.jpg,gardenia,c3d695b5a4e332494b11100a71063f15036a23e39267dd587caa7527541d9433,https://www.gardenia.net/wp-content/uploads/2023/05/pisum-sativum-300x300.webp
00218_earthone_07bf7f2e95a4.jpg,earthone,07bf7f2e95a4e0dbb5ca4a11d18e8b3525cea35b4e1c720998b4d8d694798fe8,https://earthone.io/_next/image?url=https://bs.plantnet.org/image/o/06665d8aa063f8b8812d5a375388c1597b3cba0e&w=3840&q=75
00219_medicinalher_231d2963e0fd.jpg,medicinalher,231d2963e0fdb9e4f2e810bd64535df3f65be5659cda5c739b9c8f9d2d70b9b5,http://medicinalherbinfo.org/000Herbs2016/wp-content/uploads/2017/03/Common_Bean.jpg
00220_seedsgallery_97bb625fb577.jpg,seedsgallery,97bb625fb577638d705042bc304348df030afd91f1dfdb89c4650483dfc4a359,https://www.seeds-gallery.com/7225-large_default/pinto-bean-seeds-phaseolus-vulgaris.jpg
00221_seedsgallery_e4bd8ade6a68.jpg,seedsgallery,e4bd8ade6a68eeea9a27bd9babcc0adef307902aa61d4a0340af14decd79f893,https://www.seeds-gallery.shop/7224-large_default/pinto-bean-seeds-phaseolus-vulgaris.jpg
00222_amazonaws_421b0dc9b557.jpg,amazonaws,421b0dc9b55782f54698f9d81bbdcda4a118b6a1f0be142d65b84744852bd1f0,https://s3.amazonaws.com/eit-planttoolbox-prod/media/images/Phaseolus_vulgaris_v_jnQZUSbn4FTI.jpeg
00223_northwoodsee_671d61585347.jpg,northwoodsee,671d61585347b73afd2a411cf91db308c609d99ae5eb7c0c7c60a3bfd5cdc39e,http://www.northwoodseeds.com/IMG_2544_copy.jpg
00224_gardenia_5d0e2e640d76.jpg,gardenia,5d0e2e640d76a8c57067aea615d289bff36a63d95a7b1307013211bb9d80e46a,https://www.gardenia.net/wp-content/uploads/2023/05/phaseolus-vulgaris-pinto-beans-780x520.webp
00225_healthbenefi_db9a91927af9.jpg,healthbenefi,db9a91927af949b090165288ef3acc8b69410efd901382421c17338242cb8c40,https://www.healthbenefitstimes.com/9/gallery/pinto-beans/Flower-bud-of-Pinto-beans.jpg
00226_healthbenefi_5100eafaefff.jpg,healthbenefi,5100eafaefff49f474badea5c66f60338dd871b80e783e1028ed6dda021da900,https://www.healthbenefitstimes.com/9/gallery/pinto-beans/Seeds-of-Pinto-beans.jpg
00227_gardenia_31fe41b6a007.jpg,gardenia,31fe41b6a007c3ca4698e982ea279a9af984f9ed3d4d2e468492585b1d9ff8fe,https://www.gardenia.net/wp-content/uploads/2023/05/VVuDGJ8voBCIeqa7FgTwx0OG6wiPAd2CSwE9PFVi-300x300.webp
00228_com_255021e3e078.jpg,com,255021e3e078647029d442affbf0f0561ceeb496151b4719c9a86ae3300376e9,https://www.gardensonline.com.au/Uploads/Plant/2002/Phaseolus-Vulgaris-4a.jpg
00229_feedipedia_108c64d8c954.jpg,feedipedia,108c64d8c954012b1bc3ab7a5f38d679ee2bf6f818bb2ad238ecba1a64d6a6bb,https://www.feedipedia.org/sites/default/files/images/phaseolus_vulgaris_b.jpg
00230_gardenia_c3d695b5a4e3.jpg,gardenia,c3d695b5a4e332494b11100a71063f15036a23e39267dd587caa7527541d9433,https://www.gardenia.net/wp-content/uploads/2023/05/pisum-sativum-300x300.webp
00231_healthbenefi_f83cae83e916.jpg,healthbenefi,f83cae83e91698ed7b2fada0a3f19026f35aca42bf47f82a514819d5b73a47e8,https://www.healthbenefitstimes.com/9/gallery/pinto-beans/Green-pods-of-Pinto-beans.jpg
00232_healthbenefi_2c3c41c9f3ce.jpg,healthbenefi,2c3c41c9f3cea090fd1e86e383d5aa2aabd0d576621f4f723c3ad1b0d5a702bb,https://www.healthbenefitstimes.com/9/gallery/pinto-beans/Close-up-flower-of-Pinto-beans.jpg
00233_healthbenefi_7b978b25472b.jpg,healthbenefi,7b978b25472b9e33b24c3bfc4d0c670aa180cdea204df1e2e146bdba296f28ca,https://www.healthbenefitstimes.com/9/gallery/pinto-beans/Plant-illustration-of-Pinto-benas.jpg
00234_healthbenefi_411836a37df3.jpg,healthbenefi,411836a37df3c5c5d7041a942d473af1dd2f57e13ceada2b7311b9450be477e0,https://www.healthbenefitstimes.com/9/gallery/pinto-beans/Leaves-of-Pinto-beans.jpg
00235_gardenia_43b195d3b288.jpg,gardenia,43b195d3b2889c582cab6ab7c3c3d3d2d8b11dbba2e07944afe285b5d97f07be,https://www.gardenia.net/wp-content/uploads/2023/05/phaseolus-vulgaris-navy-beans-300x300.webp
00236_healthbenefi_3cccaa614d13.jpg,healthbenefi,3cccaa614d13d8af5b54bb9d006beffa30ff2c75ac9034c4be36835215d3bb5d,https://www.healthbenefitstimes.com/9/uploads/2015/09/Pinto-beans-Phaseolus-vulgaris.jpg
00237_healthbenefi_f507a80a246a.jpg,healthbenefi,f507a80a246a7023169b28cb3006c832d7c617a3148dbc37dfcbd8d625e89d02,https://www.healthbenefitstimes.com/9/gallery/pinto-beans/Pods-of-Pinto-beans.jpg
00238_amazonaws_421b0dc9b557.jpg,amazonaws,421b0dc9b55782f54698f9d81bbdcda4a118b6a1f0be142d65b84744852bd1f0,https://s3.amazonaws.com/eit-planttoolbox-prod/media/images/Phaseolus_vulgaris_v_jnQZUSbn4FTI.jpeg
00239_seedsgallery_97bb625fb577.jpg,seedsgallery,97bb625fb577638d705042bc304348df030afd91f1dfdb89c4650483dfc4a359,https://www.seeds-gallery.com/7225-large_default/pinto-bean-seeds-phaseolus-vulgaris.jpg
00240_amazonaws_7d2a384ff290.jpg,amazonaws,7d2a384ff290d75d73ec8558f2aeb9e70a322c03012ae90f0a648ebcb54e2b24,https://newfs.s3.amazonaws.com/taxon-images-1000s1000/Fabaceae/phaseolus-vulgaris-le-bwalters.jpg
00241_guiniridge_4fd89fd7557d.jpg,guiniridge,4fd89fd7557d8eab248c6a4139556b745d99d8f18cacd54ec9295360ad31238c,https://www.guiniridge.com/wp-content/uploads/2020/03/Phaseolus-vulgaris-Yellow-Bush-Bean-Carson.jpg
00242_amazonaws_bd40825c1572.jpg,amazonaws,bd40825c1572e6eb65026d98740229033fdd18de84df0edae1234c0148d256a7,https://newfs.s3.amazonaws.com/taxon-images-1000s1000/Fabaceae/phaseolus-vulgaris-fr-sbauer.jpg
00243_healthbenefi_ba9ee6999414.jpg,healthbenefi,ba9ee6999414dd41efc31aee981843db3d5240e96424b49d3821f4b4ff847b8b,https://www.healthbenefitstimes.com/9/gallery/pinto-beans/Seedlings-of-Pinto-beans.jpg
00244_gardenia_d6bcbaea6eeb.jpg,gardenia,d6bcbaea6eebec4fcfaa9603e531dee2b195a3859093048f57ffe28c5cc4c404,https://www.gardenia.net/wp-content/uploads/2023/05/phaesolus-vulgaris-green-beans-780x520.webp
00245_amazonaws_b644ce9f75b1.jpg,amazonaws,b644ce9f75b1d285e475e445a51d1779f5b3f650ff48e052abe058b399dd48c9,https://s3.amazonaws.com/eit-planttoolbox-prod/media/images/Phaseolus_vulgaris_v_xnI5RDotcn79.jpeg
00246_gardenerspat_b1bd9a2f3ccf.jpg,gardenerspat,b1bd9a2f3ccf5daa210096e1415d9467d5aeb95574be4922513aaa217c496866,https://gardenerspath.com/wp-content/uploads/2022/04/How-to-Plant-and-Grow-Pinto-Beans-Pin-683x1024.jpg
00247_seedsgallery_7037d5037931.jpg,seedsgallery,7037d5037931e4aa028bd62e4c198c510d18e580b43fa33b74d1d0e441b4eacf,https://www.seeds-gallery.shop/1615-large_default/pinto-bean-seeds-phaseolus-vulgaris.jpg
00248_amazonaws_3b80c03509bb.jpg,amazonaws,3b80c03509bb8b35a9135d2b97c2fda8c967880b1b890c7dfd80b8c72a447605,https://newfs.s3.amazonaws.com/taxon-images-1000s1000/Fabaceae/phaseolus-vulgaris-fl-hschwartz-c.jpg
00249_seedsgallery_e4bd8ade6a68.jpg,seedsgallery,e4bd8ade6a68eeea9a27bd9babcc0adef307902aa61d4a0340af14decd79f893,https://www.seeds-gallery.shop/7224-large_default/pinto-bean-seeds-phaseolus-vulgaris.jpg
00250_maltawildpla_d840059cb042.jpg,maltawildpla,d840059cb04245b089e425a8b67f30e9af98f1c9c1957d7f7fe5c21964189136,http://www.maltawildplants.com/FABC/Pics/PSLVU/Phaseolus_vulgaris_[IMG_5464].jpg
00251_medicinalher_231d2963e0fd.jpg,medicinalher,231d2963e0fdb9e4f2e810bd64535df3f65be5659cda5c739b9c8f9d2d70b9b5,http://medicinalherbinfo.org/000Herbs2016/wp-content/uploads/2017/03/Common_Bean.jpg
00252_com_cef505824ea0.jpg,com,cef505824ea0f13e4eb303830dcb6f61a062dec7a0ec05fe06c5188d61e3f978,https://www.gardensonline.com.au/Uploads/Plant/2002/Phaseolus-Vulgaris-3.jpg
00253_gardeningeat_dd20551fc641.jpg,gardeningeat,dd20551fc641e2ddf6a7ae3252cf2f7d209a71981b1fcaff9b2a88af36bb0e67,https://gardeningeats.com/wp-content/uploads/2023/01/How-to-Grow-Pinto-Beans.png
00254_gardenia_5d0e2e640d76.jpg,gardenia,5d0e2e640d76a8c57067aea615d289bff36a63d95a7b1307013211bb9d80e46a,https://www.gardenia.net/wp-content/uploads/2023/05/phaseolus-vulgaris-pinto-beans-780x520.webp
00255_gardenia_31fe41b6a007.jpg,gardenia,31fe41b6a007c3ca4698e982ea279a9af984f9ed3d4d2e468492585b1d9ff8fe,https://www.gardenia.net/wp-content/uploads/2023/05/VVuDGJ8voBCIeqa7FgTwx0OG6wiPAd2CSwE9PFVi-300x300.webp
00256_feedipedia_2fd8d3372e51.jpg,feedipedia,2fd8d3372e51e95623003354821fa5f5a6f62283dab0faa895baef4695ebf1de,https://www.feedipedia.org/sites/default/files/images/phaseolus_vulg_seeds_butko.jpg
00257_com_255021e3e078.jpg,com,255021e3e078647029d442affbf0f0561ceeb496151b4719c9a86ae3300376e9,https://www.gardensonline.com.au/Uploads/Plant/2002/Phaseolus-Vulgaris-4a.jpg
00258_seedsgallery_7037d5037931.jpg,seedsgallery,7037d5037931e4aa028bd62e4c198c510d18e580b43fa33b74d1d0e441b4eacf,https://www.seeds-gallery.shop/1615-large_default/pinto-bean-seeds-phaseolus-vulgaris.jpg
00259_amazonaws_bd40825c1572.jpg,amazonaws,bd40825c1572e6eb65026d98740229033fdd18de84df0edae1234c0148d256a7,https://newfs.s3.amazonaws.com/taxon-images-1000s1000/Fabaceae/phaseolus-vulgaris-fr-sbauer.jpg
00260_healthbenefi_3cccaa614d13.jpg,healthbenefi,3cccaa614d13d8af5b54bb9d006beffa30ff2c75ac9034c4be36835215d3bb5d,https://www.healthbenefitstimes.com/9/uploads/2015/09/Pinto-beans-Phaseolus-vulgaris.jpg
00261_gardenia_d6bcbaea6eeb.jpg,gardenia,d6bcbaea6eebec4fcfaa9603e531dee2b195a3859093048f57ffe28c5cc4c404,https://www.gardenia.net/wp-content/uploads/2023/05/phaesolus-vulgaris-green-beans-780x520.webp
00262_healthbenefi_f83cae83e916.jpg,healthbenefi,f83cae83e91698ed7b2fada0a3f19026f35aca42bf47f82a514819d5b73a47e8,https://www.healthbenefitstimes.com/9/gallery/pinto-beans/Green-pods-of-Pinto-beans.jpg
00263_seedsgallery_e4bd8ade6a68.jpg,seedsgallery,e4bd8ade6a68eeea9a27bd9babcc0adef307902aa61d4a0340af14decd79f893,https://www.seeds-gallery.shop/7224-large_default/pinto-bean-seeds-phaseolus-vulgaris.jpg
00264_gardenia_43b195d3b288.jpg,gardenia,43b195d3b2889c582cab6ab7c3c3d3d2d8b11dbba2e07944afe285b5d97f07be,https://www.gardenia.net/wp-content/uploads/2023/05/phaseolus-vulgaris-navy-beans-300x300.webp
00265_healthbenefi_5100eafaefff.jpg,healthbenefi,5100eafaefff49f474badea5c66f60338dd871b80e783e1028ed6dda021da900,https://www.healthbenefitstimes.com/9/gallery/pinto-beans/Seeds-of-Pinto-beans.jpg
00266_feedipedia_108c64d8c954.jpg,feedipedia,108c64d8c954012b1bc3ab7a5f38d679ee2bf6f818bb2ad238ecba1a64d6a6bb,https://www.feedipedia.org/sites/default/files/images/phaseolus_vulgaris_b.jpg
00267_healthbenefi_7b978b25472b.jpg,healthbenefi,7b978b25472b9e33b24c3bfc4d0c670aa180cdea204df1e2e146bdba296f28ca,https://www.healthbenefitstimes.com/9/gallery/pinto-beans/Plant-illustration-of-Pinto-benas.jpg
00268_gardenia_c3d695b5a4e3.jpg,gardenia,c3d695b5a4e332494b11100a71063f15036a23e39267dd587caa7527541d9433,https://www.gardenia.net/wp-content/uploads/2023/05/pisum-sativum-300x300.webp
00269_gardenerspat_78707226d703.jpg,gardenerspat,78707226d7038aab2d6a3d2f674e02c40dacfbff191c2cc49ba954b8b2e50dd9,https://gardenerspath.com/wp-content/uploads/2022/04/How-to-Grow-Pinto-Beans-Feature.jpg
00270_portmoni_af413de7e048.jpg,portmoni,af413de7e048bbed0e234caa52af1f31d129ed6b68957117a5ffbbdd6cf2a632,https://media.portmoni.com/resized/101264/20250111_164522_o8Ka7Sy-thumbnail-600x600-95.jpg
00271_gardenerspat_b1bd9a2f3ccf.jpg,gardenerspat,b1bd9a2f3ccf5daa210096e1415d9467d5aeb95574be4922513aaa217c496866,https://gardenerspath.com/wp-content/uploads/2022/04/How-to-Plant-and-Grow-Pinto-Beans-Pin-683x1024.jpg
00272_seedsgallery_97bb625fb577.jpg,seedsgallery,97bb625fb577638d705042bc304348df030afd91f1dfdb89c4650483dfc4a359,https://www.seeds-gallery.com/7225-large_default/pinto-bean-seeds-phaseolus-vulgaris.jpg
00273_guiniridge_4fd89fd7557d.jpg,guiniridge,4fd89fd7557d8eab248c6a4139556b745d99d8f18cacd54ec9295360ad31238c,https://www.guiniridge.com/wp-content/uploads/2020/03/Phaseolus-vulgaris-Yellow-Bush-Bean-Carson.jpg
00274_medicinalher_231d2963e0fd.jpg,medicinalher,231d2963e0fdb9e4f2e810bd64535df3f65be5659cda5c739b9c8f9d2d70b9b5,http://medicinalherbinfo.org/000Herbs2016/wp-content/uploads/2017/03/Common_Bean.jpg
00275_cloudinary_0dd6188abeef.jpg,cloudinary,0dd6188abeeff3bdcd79a1644aeeb37806901ed2d89b679a84cf0a95a7c44936,https://res.cloudinary.com/dpzpn3dkw/image/upload/v1728902082/SEOContent/Biology/phaseolus_vulgaris_fruit_l4yn6s.jpg
00276_healthbenefi_db9a91927af9.jpg,healthbenefi,db9a91927af949b090165288ef3acc8b69410efd901382421c17338242cb8c40,https://www.healthbenefitstimes.com/9/gallery/pinto-beans/Flower-bud-of-Pinto-beans.jpg
00277_portmoni_af413de7e048.jpg,portmoni,af413de7e048bbed0e234caa52af1f31d129ed6b68957117a5ffbbdd6cf2a632,https://media.portmoni.com/resized/101264/20250111_164522_o8Ka7Sy-thumbnail-600x600-95.jpg
00278_etsystatic_c1f13a48c506.jpg,etsystatic,c1f13a48c5062af61d2999f7e25c5632d4c07e88fbca54c8f417d9371a0982d5,https://i.etsystatic.com/27743352/r/il/2d246a/3773760643/il_794xN.3773760643_td49.jpg
00279_gardenia_5d0e2e640d76.jpg,gardenia,5d0e2e640d76a8c57067aea615d289bff36a63d95a7b1307013211bb9d80e46a,https://www.gardenia.net/wp-content/uploads/2023/05/phaseolus-vulgaris-pinto-beans-780x520.webp
00280_feedipedia_6b378ff04b49.jpg,feedipedia,6b378ff04b498f5917a95ffeeac3e056418fbf1a20ed5d85f02ec0ef541bef4c,https://www.feedipedia.org/sites/default/files/images/phaseolus_vulg_pinto.jpg
00281_seedsgallery_7037d5037931.jpg,seedsgallery,7037d5037931e4aa028bd62e4c198c510d18e580b43fa33b74d1d0e441b4eacf,https://www.seeds-gallery.shop/1615-large_default/pinto-bean-seeds-phaseolus-vulgaris.jpg
00282_fairdinkumse_f01a952b3146.jpg,fairdinkumse,f01a952b3146db643a18e860ffe7feecf822198c0d2ed3e5daf129f6b2f90e1d,https://fairdinkumseeds.com/wp-content/uploads/2015/10/p-340-Strawberry-Pinto-Bean-Phaseolus-Vulgaris-Plants.jpg
00283_healthbenefi_5100eafaefff.jpg,healthbenefi,5100eafaefff49f474badea5c66f60338dd871b80e783e1028ed6dda021da900,https://www.healthbenefitstimes.com/9/gallery/pinto-beans/Seeds-of-Pinto-beans.jpg
00284_feedipedia_e482c4056715.jpg,feedipedia,e482c4056715d6f8fb82d1349378398557c895bf980dc174398fc05e4f2eac5d,https://www.feedipedia.org/sites/default/files/styles/standard__640x480_/public/images/phaseolus_vulg_seeds_butko.jpg?itok=P92hQkIZ
00285_gardenia_31fe41b6a007.jpg,gardenia,31fe41b6a007c3ca4698e982ea279a9af984f9ed3d4d2e468492585b1d9ff8fe,https://www.gardenia.net/wp-content/uploads/2023/05/VVuDGJ8voBCIeqa7FgTwx0OG6wiPAd2CSwE9PFVi-300x300.webp
00286_healthbenefi_3cccaa614d13.jpg,healthbenefi,3cccaa614d13d8af5b54bb9d006beffa30ff2c75ac9034c4be36835215d3bb5d,https://www.healthbenefitstimes.com/9/uploads/2015/09/Pinto-beans-Phaseolus-vulgaris.jpg
00287_seedsgallery_e4bd8ade6a68.jpg,seedsgallery,e4bd8ade6a68eeea9a27bd9babcc0adef307902aa61d4a0340af14decd79f893,https://www.seeds-gallery.shop/7224-large_default/pinto-bean-seeds-phaseolus-vulgaris.jpg
00288_healthbenefi_db9a91927af9.jpg,healthbenefi,db9a91927af949b090165288ef3acc8b69410efd901382421c17338242cb8c40,https://www.healthbenefitstimes.com/9/gallery/pinto-beans/Flower-bud-of-Pinto-beans.jpg
00289_seedsgallery_97bb625fb577.jpg,seedsgallery,97bb625fb577638d705042bc304348df030afd91f1dfdb89c4650483dfc4a359,https://www.seeds-gallery.com/7225-large_default/pinto-bean-seeds-phaseolus-vulgaris.jpg
00290_etsystatic_f5a0b19f5d22.jpg,etsystatic,f5a0b19f5d2219fa8193e7b39cf920d7f5cc2f9673061a0317c376d6d8d1c14d,https://i.etsystatic.com/43914733/r/il/19b056/4983315946/il_600x600.4983315946_ozgb.jpg
00291_gardenerspat_b1bd9a2f3ccf.jpg,gardenerspat,b1bd9a2f3ccf5daa210096e1415d9467d5aeb95574be4922513aaa217c496866,https://gardenerspath.com/wp-content/uploads/2022/04/How-to-Plant-and-Grow-Pinto-Beans-Pin-683x1024.jpg
00292_healthbenefi_f83cae83e916.jpg,healthbenefi,f83cae83e91698ed7b2fada0a3f19026f35aca42bf47f82a514819d5b73a47e8,https://www.healthbenefitstimes.com/9/gallery/pinto-beans/Green-pods-of-Pinto-beans.jpg
00293_feedipedia_108c64d8c954.jpg,feedipedia,108c64d8c954012b1bc3ab7a5f38d679ee2bf6f818bb2ad238ecba1a64d6a6bb,https://www.feedipedia.org/sites/default/files/images/phaseolus_vulgaris_b.jpg
00294_gardenerspat_78707226d703.jpg,gardenerspat,78707226d7038aab2d6a3d2f674e02c40dacfbff191c2cc49ba954b8b2e50dd9,https://gardenerspath.com/wp-content/uploads/2022/04/How-to-Grow-Pinto-Beans-Feature.jpg
00295_etsystatic_f5faefdc25b4.jpg,etsystatic,f5faefdc25b4a9334606fe4187b819a989de5d1d48b4c63a7a62ef02291a038a,https://i.etsystatic.com/14438497/r/il/17606e/1247750909/il_500x500.1247750909_5id6.jpg
00296_healthbenefi_f507a80a246a.jpg,healthbenefi,f507a80a246a7023169b28cb3006c832d7c617a3148dbc37dfcbd8d625e89d02,https://www.healthbenefitstimes.com/9/gallery/pinto-beans/Pods-of-Pinto-beans.jpg
00297_healthbenefi_ba9ee6999414.jpg,healthbenefi,ba9ee6999414dd41efc31aee981843db3d5240e96424b49d3821f4b4ff847b8b,https://www.healthbenefitstimes.com/9/gallery/pinto-beans/Seedlings-of-Pinto-beans.jpg
00298_gardeningeat_dd20551fc641.jpg,gardeningeat,dd20551fc641e2ddf6a7ae3252cf2f7d209a71981b1fcaff9b2a88af36bb0e67,https://gardeningeats.com/wp-content/uploads/2023/01/How-to-Grow-Pinto-Beans.png
00299_wp_80be9249b477.jpg,wp,80be9249b477fcdffbc12fc0e7a506cccb36f5162e7fe6a8ba9dcf8317bae59b,https://i0.wp.com/www.healthbenefitstimes.com/9/uploads/2015/09/Pinto-beans-Phaseolus-vulgaris.jpg
00300_healthbenefi_db9a91927af9.jpg,healthbenefi,db9a91927af949b090165288ef3acc8b69410efd901382421c17338242cb8c40,https://www.healthbenefitstimes.com/9/gallery/pinto-beans/Flower-bud-of-Pinto-beans.jpg
00301_amazonaws_7690f1ded21e.jpg,amazonaws,7690f1ded21e396b4be5c64c81339fe62d39f4964c88bc051b39362cff20d7ad,https://newfs.s3.amazonaws.com/taxon-images-1000s1000/Fabaceae/phaseolus-vulgaris-st-kstarr3.jpg
